<?xml version="1.0" encoding="utf-8"?>
<Project DefaultTargets="Build" ToolsVersion="15.0" xmlns="http://schemas.microsoft.com/developer/msbuild/2003">
  <ItemGroup Label="ProjectConfigurations">
    <ProjectConfiguration Include="Debug|Win32">
      <Configuration>Debug</Configuration>
      <Platform>Win32</Platform>
    </ProjectConfiguration>
    <ProjectConfiguration Include="Release|Win32">
      <Configuration>Release</Configuration>
      <Platform>Win32</Platform>
    </ProjectConfiguration>
  </ItemGroup>
  <PropertyGroup Label="Globals">
    <ProjectGuid>{B992300E-CC54-4BB9-8307-056276D2DEB9}</ProjectGuid>
    <RootNamespace>demo_vc2005</RootNamespace>
    <Keyword>Win32Proj</Keyword>
  </PropertyGroup>
  <Import Project="$(VCTargetsPath)\Microsoft.Cpp.Default.props" />
  <PropertyGroup Condition="'$(Configuration)|$(Platform)'=='Release|Win32'" Label="Configuration">
    <ConfigurationType>Application</ConfigurationType>
    <PlatformToolset>v142</PlatformToolset>
    <CharacterSet>Unicode</CharacterSet>
    <WholeProgramOptimization>true</WholeProgramOptimization>
  </PropertyGroup>
  <PropertyGroup Condition="'$(Configuration)|$(Platform)'=='Debug|Win32'" Label="Configuration">
    <ConfigurationType>Application</ConfigurationType>
    <PlatformToolset>v142</PlatformToolset>
    <CharacterSet>Unicode</CharacterSet>
  </PropertyGroup>
  <Import Project="$(VCTargetsPath)\Microsoft.Cpp.props" />
  <ImportGroup Label="ExtensionSettings">
  </ImportGroup>
  <ImportGroup Condition="'$(Configuration)|$(Platform)'=='Release|Win32'" Label="PropertySheets">
    <Import Project="$(UserRootDir)\Microsoft.Cpp.$(Platform).user.props" Condition="exists('$(UserRootDir)\Microsoft.Cpp.$(Platform).user.props')" Label="LocalAppDataPlatform" />
  </ImportGroup>
  <ImportGroup Condition="'$(Configuration)|$(Platform)'=='Debug|Win32'" Label="PropertySheets">
    <Import Project="$(UserRootDir)\Microsoft.Cpp.$(Platform).user.props" Condition="exists('$(UserRootDir)\Microsoft.Cpp.$(Platform).user.props')" Label="LocalAppDataPlatform" />
  </ImportGroup>
  <PropertyGroup Label="UserMacros" />
  <PropertyGroup>
    <_ProjectFileVersion>16.0.28707.177</_ProjectFileVersion>
  </PropertyGroup>
  <PropertyGroup Condition="'$(Configuration)|$(Platform)'=='Debug|Win32'">
    <OutDir>$(SolutionDir)$(Configuration)\</OutDir>
    <IntDir>$(Configuration)\</IntDir>
    <LinkIncremental>true</LinkIncremental>
  </PropertyGroup>
  <PropertyGroup Condition="'$(Configuration)|$(Platform)'=='Release|Win32'">
    <OutDir>$(SolutionDir)$(Configuration)\</OutDir>
    <IntDir>$(Configuration)\</IntDir>
    <LinkIncremental>false</LinkIncremental>
  </PropertyGroup>
  <ItemDefinitionGroup Condition="'$(Configuration)|$(Platform)'=='Debug|Win32'">
    <ClCompile>
      <Optimization>Disabled</Optimization>
      <PreprocessorDefinitions>WIN32;_DEBUG;_CONSOLE;%(PreprocessorDefinitions)</PreprocessorDefinitions>
      <MinimalRebuild>true</MinimalRebuild>
      <BasicRuntimeChecks>EnableFastChecks</BasicRuntimeChecks>
      <RuntimeLibrary>MultiThreadedDebug</RuntimeLibrary>
      <PrecompiledHeader>Use</PrecompiledHeader>
      <WarningLevel>Level3</WarningLevel>
      <DebugInformationFormat>EditAndContinue</DebugInformationFormat>
    </ClCompile>
    <Link>
      <GenerateDebugInformation>true</GenerateDebugInformation>
      <SubSystem>Console</SubSystem>
      <TargetMachine>MachineX86</TargetMachine>
    </Link>
  </ItemDefinitionGroup>
  <ItemDefinitionGroup Condition="'$(Configuration)|$(Platform)'=='Release|Win32'">
    <ClCompile>
      <PreprocessorDefinitions>WIN32;NDEBUG;_CONSOLE;%(PreprocessorDefinitions)</PreprocessorDefinitions>
      <RuntimeLibrary>MultiThreaded</RuntimeLibrary>
      <PrecompiledHeader>Use</PrecompiledHeader>
      <WarningLevel>Level3</WarningLevel>
      <DebugInformationFormat>ProgramDatabase</DebugInformationFormat>
    </ClCompile>
    <Link>
      <GenerateDebugInformation>true</GenerateDebugInformation>
      <SubSystem>Console</SubSystem>
      <OptimizeReferences>true</OptimizeReferences>
      <EnableCOMDATFolding>true</EnableCOMDATFolding>
      <TargetMachine>MachineX86</TargetMachine>
    </Link>
  </ItemDefinitionGroup>
  <ItemGroup>
    <ClCompile Include="demo_vc2005.cpp" />
    <ClCompile Include="stdafx.cpp">
      <PrecompiledHeader Condition="'$(Configuration)|$(Platform)'=='Debug|Win32'">Create</PrecompiledHeader>
      <PrecompiledHeader Condition="'$(Configuration)|$(Platform)'=='Release|Win32'">Create</PrecompiledHeader>
    </ClCompile>
  </ItemGroup>
  <ItemGroup>
    <ClInclude Include="Sense_LC.h" />
    <ClInclude Include="stdafx.h" />
  </ItemGroup>
  <ItemGroup>
    <Text Include="ReadMe.txt" />
  </ItemGroup>
  <ItemGroup>
    <Library Include="Sense_LCst.lib" />
  </ItemGroup>
  <Import Project="$(VCTargetsPath)\Microsoft.Cpp.targets" />
  <ImportGroup Label="ExtensionTargets">
  </ImportGroup>
</Project>